{
  "$schema": "https://developer.joomla.org/schemas/json-schema/web_assets.json",
  "name": "com_migratetojoomla",
  "version": "1.0",
  "description": "Joomla CMS",
  "license": "GPL-2.0-or-later",
  "assets": [
    {
      "name": "com_migratetojoomla.admin-migratetojoomla",
      "type": "script",
      "uri": "com_migratetojoomla/admin-migratetojoomla.js",
      "dependencies": [
        "core",
        "bootstrap.modal"
      ],
      "attributes": {
				"defer": true
			}
    },
    {
      "name": "com_migratetojoomla.migratetojoomla",
      "type": "style",
      "uri": "com_migratetojoomla/migratetojoomla.css"
    }
  ]
}
